name,real.town.name
FIVE POINTS,REDDING
GEORGETOWN,WILTON
LAKESIDE,MORRIS
LONG HILL,TRUMBULL
MECHANICSVILLE,THOMPSON
MILL PLAIN,DANBURY
NEWFIELD,STAMFORD
PINE GROVE,EAST LYME
PLEASANT VALLEY,BARKHAMSTED
RIDGEWOOD,CLINTON
SOUTH END,STAMFORD
WAREHOUSE POINT,EAST WINDSOR
ANDOVER,ANDOVER
ANSONIA,ANSONIA
ASHFORD,ASHFORD
WESTFORD,ASHFORD
WARRENVILLE,ASHFORD
WEST ASHFORD,ASHFORD
AVON,AVON
BARKHAMSTED,BARKHAMSTED
PLEASANT VLY,BARKHAMSTED
RIVERTON,BARKHAMSTED
BEACON FALLS,BEACON FALLS
PINE BRIDGE,BEACON FALLS
BERLIN,BERLIN
EAST BERLIN,BERLIN
KENSINGTON,BERLIN
BETHANY,BETHANY
BETHEL,BETHEL
EETHEL,BETHEL
BETHELHEM,BETHLEHEM
BETHLEHEM,BETHLEHEM
BLOOMFIELD,BLOOMFIELD
COTTAGE GROVE,BLOOMFIELD
BOLTON,BOLTON
BOZRAH,BOZRAH
FITCHVILLE,BOZRAH
GILMAN,BOZRAH
BANFORD,BRANFORD
BRANFORD,BRANFORD
STONY CREEK,BRANFORD
PINE ORCHARD,BRANFORD
SHORT BEACH,BRANFORD
INDIAN NECK,BRANFORD
DOUBLE BEACH,BRANFORD
BRIDEGPORT,BRIDGEPORT
BRIDGEORT,BRIDGEPORT
BRIDGEPORT,BRIDGEPORT
BRIGEPORT,BRIDGEPORT
TOILSOME HILL,BRIDGEPORT
MILL HILL,BRIDGEPORT
EAST BRIDGEPORT,BRIDGEPORT
BLACK ROCK,BRIDGEPORT
GROVER HILL,BRIDGEPORT
BRIDGEWATER,BRIDGEWATER
ROXBURY STATION,BRIDGEWATER
BRISTOL,BRISTOL
FORESTVILLE,BRISTOL
FORRESTVILLE,BRISTOL
EDGEWOOD,BRISTOL
EAST BRISTOL,BRISTOL
BROOKFIELD,BROOKFIELD
CANDLEWOOD ORCHARDS,BROOKFIELD
OBTUSE HILL,BROOKFIELD
BROOKFIELD CENTER,BROOKFIELD
BROOKLUN,BROOKLYN
BROOKLYN,BROOKLYN
QUEBEC,BROOKLYN
EAST BROOKLYN,BROOKLYN
STETSON CORNER,BROOKLYN
BURLINGTON,BURLINGTON
WHIGVILLE,BURLINGTON
CANAAN,CANAAN
NO CANAAN,CANAAN
SOUTH CANAAN,CANAAN
AMESVILLE,CANAAN
FALLS VILLAGE,CANAAN
CANTERBURY,CANTERBURY
CAUTERBURY,CANTERBURY
WESTMINSTER,CANTERBURY
CANTON,CANTON
CANTON CENTER,CANTON
COLLINSVILLE,CANTON
NORTH CANTON,CANTON
CHAPLIN,CHAPLIN
SOUTH CHAPLIN,CHAPLIN
SHERMAN CORNER,CHAPLIN
CLARKS CORNER,CHAPLIN
CHESHIE,CHESHIRE
CHESHIRE,CHESHIRE
CHESHIRE HEIGHTS,CHESHIRE
CHESHIREDALY,CHESHIRE
HONEYPOT GLEN,CHESHIRE
MIXVILLE,CHESHIRE
WEST CHESHIRE,CHESHIRE
RICHARDS CORNER,CHESHIRE
BROOKSVALE,CHESHIRE
IVES CORNER,CHESHIRE
CHESTER,CHESTER
CLINTON,CLINTON
KELSEYTOWN,CLINTON
CLINTON BEACH,CLINTON
HARBOR VIEW,CLINTON
COLCHESTER,COLCHESTER
NORTH WESTCHESTER,COLCHESTER
COLEBROOK,COLEBROOK
NORTH COLEBROOK,COLEBROOK
MCCLAVEVILLE,COLEBROOK
COLUMBIA,COLUMBIA
CORNWALL,CORNWALL
CORNWALL BRG,CORNWALL
CORNWALL BRIDGE,CORNWALL
WEST CORNWALL,CORNWALL
CALHOUN CORNERS,CORNWALL
COVENTRY,COVENTRY
NORTH COVENTRY,COVENTRY
CROMWELL,CROMWELL
GOODRICH HEIGHTS,CROMWELL
NORTH CROMWELL,CROMWELL
DANBURY,DANBURY
HAWTHORNE TERRACE,DANBURY
CANDLEWOOD PINES,DANBURY
MARGERIE MANOR,DANBURY
CEDAR HEIGHTS,DANBURY
AQUA VISTA,DANBURY
SNUG HARBOR,DANBURY
TA'AGAN POINT,DANBURY
PLEASANT ACRES,DANBURY
HAYESTOWN,DANBURY
BEAVERBROOK,DANBURY
GERMANTOWN,DANBURY
BECKETTVILLE,DANBURY
DARIEN,DARIEN
DARLIN,DARIEN
NOROTON,DARIEN
NOROTON HEIGHTS,DARIEN
DEEP RIVER,DEEP RIVER
WINTHROP,DEEP RIVER
DERBY,DERBY
EAST DERBY,DERBY
DURHAM,DURHAM
DURHAM CENTER,DURHAM
E GRANBY,EAST GRANBY
EAST GRANBY,EAST GRANBY
GRANBROOK PARK,EAST GRANBY
E HADDAM,EAST HADDAM
EAST HADDAM,EAST HADDAM
MOODUS,EAST HADDAM
LITTLE HADDAM,EAST HADDAM
MOUNT PARNASSUS,EAST HADDAM
COBALT,EAST HAMPTON
E HAMPTON,EAST HAMPTON
EAST HAMPTON,EAST HAMPTON
EASTHAMPTON,EAST HAMPTON
POCOTOPAUG LAKE,EAST HAMPTON
MIDDLE HADDAM,EAST HAMPTON
E HARTFORD,EAST HARTFORD
EAST HARFORD,EAST HARTFORD
EAST HARTFORD,EAST HARTFORD
EST HARTFORD,EAST HARTFORD
BURNSIDE,EAST HARTFORD
MAYBERRY VILLAGE,EAST HARTFORD
FOREST VILLAGE,EAST HARTFORD
HOCKANUM,EAST HARTFORD
EAST HARTFORD GARDENS,EAST HARTFORD
FORBES VILLAGE,EAST HARTFORD
E HAVEN,EAST HAVEN
EAST HAVEN,EAST HAVEN
FOXON,EAST HAVEN
MOMAUGUIN,EAST HAVEN
EAST LYME,EAST LYME
HADLYME,EAST LYME
NIANIC,EAST LYME
NIANTIC,EAST LYME
GOLDEN SPUR,EAST LYME
FLANDERS,EAST LYME
SAUNDERS POINT,EAST LYME
CRESCENT BEACH,EAST LYME
CRESCENT PARK,EAST LYME
ATTAWAN BEACH,EAST LYME
GIANTS NECK,EAST LYME
BLACK POINT BEACH CLUB,EAST LYME
BLACK POINT,EAST LYME
BROAD BROOK,EAST WINDSOR
BROADBROOK,EAST WINDSOR
E WINDSOR HL,EAST WINDSOR
EAST WINDSOR,EAST WINDSOR
WINDSORVILLE,EAST WINDSOR
EASTFORD,EASTFORD
PHOENIXVILLE,EASTFORD
EASTON,EASTON
ELLINGTON,ELLINGTON
CRYSTAL LAKE,ELLINGTON
ENFIELD,ENFIELD
NORTH THOMPSONVILLE,ENFIELD
THOMPSONVILLE,ENFIELD
HAZARDVILLE,ENFIELD
SCITICO,ENFIELD
KINGS CORNER,ENFIELD
CENTERBROOK,ESSEX
ESSEX,ESSEX
IVORYTON,ESSEX
FAIRFIEDL,FAIRFIELD
FAIRFIELD,FAIRFIELD
MARNE AVENUE,FAIRFIELD
SOUTHPORT,FAIRFIELD
PLATTSVILLE,FAIRFIELD
STRATFIELD,FAIRFIELD
MELVILLE VILLAGE,FAIRFIELD
GREENFIELD HILL,FAIRFIELD
TUNXIS HILL,FAIRFIELD
FARMINGTON,FARMINGTON
UNIONVILLE,FARMINGTON
RIVER GLEN,FARMINGTON
OAKLAND GARDENS,FARMINGTON
FARMINGTON STATION,FARMINGTON
FRANKLIN,FRANKLIN
N FRANKLIN,FRANKLIN
NORTH FRANKLIN,FRANKLIN
E GLASTONBURY,GLASTONBURY
GALSTONBURY,GLASTONBURY
GLASTONBURY,GLASTONBURY
S. GLASTONBURY,GLASTONBURY
S GLASTONBURY,GLASTONBURY
SOUTH GLASTONBURY,GLASTONBURY
WELLES VILLAGE,GLASTONBURY
ADDISON,GLASTONBURY
BUCKINGHAM,GLASTONBURY
EAST GLASTONBURY,GLASTONBURY
HOPEWELL,GLASTONBURY
GOSHEN,GOSHEN
GOSHEN CENTER,GOSHEN
TYLER LAKE HEIGHTS,GOSHEN
WEST GOSHEN,GOSHEN
GRANBY,GRANBY
NORTH GRANBY,GRANBY
WEST GRANBY,GRANBY
GOODRICHVILLE,GRANBY
BELLE HAVEN,GREENWICH
CHICKAHOMINY,GREENWICH
COS COB,GREENWICH
GLENVILLE,GREENWICH
GREENWICH,GREENWICH
MILBROOK,GREENWICH
OLD G'WCH,GREENWICH
OLD GREENWICH,GREENWICH
PEMBERWICK,GREENWICH
RIVERSIDE,GREENWICH
STANWICH,GREENWICH
NORTH GREENWICH,GREENWICH
RIVERSVILLE,GREENWICH
NORTH MIANUS,GREENWICH
MIANUS,GREENWICH
ROCK RIDGE,GREENWICH
GRISONWICH,GREENWICH
BYRAM,GREENWICH
GRISWOLD,GRISWOLD
JEWETT CITY,GRISWOLD
CITY OF GROTON,GROTON
GROTON,GROTON
GROTON CITY,GROTON
GROTON CITY OF,GROTON
GROTON LONG POINT,GROTON
NOANK,GROTON
CENTER GROTON,GROTON
WEST MYSTIC,GROTON
POQUONOCK BRIDGE,GROTON
GUILFORD,GUILFORD
NORTH GUILFORD,GUILFORD
NUT PLAINS,GUILFORD
LEETES ISLAND,GUILFORD
HOADLEY NECK,GUILFORD
SACHEM HEAD,GUILFORD
HADDAM,HADDAM
HADDAM NECK,HADDAM
HIGGANUM,HADDAM
SHAILERVILLE,HADDAM
ARNOLDS,HADDAM
PONSET,HADDAM
LITTLE CITY,HADDAM
WEST HADDAM,HADDAM
CENTERVILLE,HAMDEN
HAMDEN,HAMDEN
MOUNT CARMEL,HAMDEN
SPRING GLEN,HAMDEN
WHITNEYVILLE,HAMDEN
HAMPTON,HAMPTON
HARFFORD,HARTFORD
HARFORD,HARTFORD
HARTFOORD,HARTFORD
HARTFORD,HARTFORD
HARTSFORD,HARTFORD
ST HARTFRD,HARTFORD
EAST HARTLAND,HARTLAND
HARTLAND,HARTLAND
HARWINGTON,HARWINTON
HARWINTON,HARWINTON
AMSTON,HEBRON
HEBRON,HEBRON
KENT,KENT
S KENT,KENT
SOUTH KENT,KENT
BULLS BRIDGE,KENT
DANIELSON,KILLINGLY
DAYVILLE,KILLINGLY
E KILLINGLY,KILLINGLY
EAST KILLINGLY,KILLINGLY
KILLINGLY,KILLINGLY
ROGERS,KILLINGLY
BALLOUVILLE,KILLINGLY
ATTAWAUGAN,KILLINGLY
KILLINGLY CENTER,KILLINGLY
ELMVILLE,KILLINGLY
SOUTH KILLINGLY,KILLINGLY
KILLINGWORTH,KILLINGWORTH
LEBANON,LEBANON
VILLAGE HILL,LEBANON
LIBERTY HILL,LEBANON
GALES FERRY,LEDYARD
LADYARD,LEDYARD
LEDYARD,LEDYARD
MASHANTUCKET,LEDYARD
LISBON,LISBON
VERSAILLES,LISBON
NEWENT,LISBON
BANTAM,LITCHFIELD
LITCHFIELD,LITCHFIELD
NORTHFIELD,LITCHFIELD
WEST MORRIS,LITCHFIELD
E LYME,LYME
LYME,LYME
NORTH LYME,LYME
BROCKWAY LANDING,LYME
HAMBURG,LYME
MADISON,MADISON
ROCKLAND,MADISON
NORTH MADISON,MADISON
EAST RIVER,MADISON
SEAVIEW BEACH,MADISON
MIDDLE BEACH,MADISON
CENTRAL MANCHESTER,MANCHESTER
MANCHESTER,MANCHESTER
OAKLAND,MANCHESTER
LYDALLVILLE,MANCHESTER
MANCHESTER GREEN,MANCHESTER
HIGHLAND PARK,MANCHESTER
MANSFIELD,MANSFIELD
MANSFIELD CENTER,MANSFIELD
MANSFIELD CTR,MANSFIELD
STORRIS,MANSFIELD
STORRS,MANSFIELD
STORRS MANFLD,MANSFIELD
STORRS MANSFIELD,MANSFIELD
STORRS-MANSFIELD,MANSFIELD
MANSFIELD FOUR CORNERS,MANSFIELD
MOUNT HOPE,MANSFIELD
WORMWOOD HILL,MANSFIELD
MANSFIELD DEPOT,MANSFIELD
CHAFFEEVILLE,MANSFIELD
SPRING HILL,MANSFIELD
EAGLEVILLE,MANSFIELD
ATWOODVILLE,MANSFIELD
BEDLAM CORNER,MANSFIELD
MANSFIELD HOLLOW,MANSFIELD
CONANTVILLE,MANSFIELD
MARLBOROUGH,MARLBOROUGH
MERIDEN,MERIDEN
SOUTH MERIDEN,MERIDEN
MIDDLEBURY,MIDDLEBURY
HILLCREST,MIDDLEBURY
ORONOKE,MIDDLEBURY
WESTVIEW HEIGHTS,MIDDLEBURY
MIDDLEFIELD,MIDDLEFIELD
ROCKFALL,MIDDLEFIELD
BESECK LAKE,MIDDLEFIELD
BAILEYVILLE,MIDDLEFIELD
MIDDLETOWN,MIDDLETOWN
WESTFIELD,MIDDLETOWN
HIGHLAND,MIDDLETOWN
SOUTH FARMS,MIDDLETOWN
BRETTON HEIGHTS,MIDDLETOWN
MILDFORD,MILFORD
MILFORD,MILFORD
FOREST HEIGHTS,MILFORD
WOODMONT,MILFORD
MILFORD LAWNS,MILFORD
NAUGATUCK GARDENS,MILFORD
MORNINGSIDE,MILFORD
BAYVIEW,MILFORD
FORT TRUMBULL,MILFORD
DEVON,MILFORD
SILVER BEACH,MILFORD
MYRTLE BEACH,MILFORD
RIVERCLIFF,MILFORD
WALNUT BEACH,MILFORD
WILDERMERE BEACH,MILFORD
LAUREL BEACH,MILFORD
CEDAR BEACH,MILFORD
MONROE,MONROE
STEVENSON,MONROE
EAST VILLAGE,MONROE
UPPER STEPNEY,MONROE
STEPNEY,MONROE
CHESTERFIELD,MONTVILLE
MONTVILLE,MONTVILLE
MONTVILLE (UNCASVILLE),MONTVILLE
OAKDALE,MONTVILLE
UNCASVILLE,MONTVILLE
MONTVILLE CENTER,MONTVILLE
MOHEGAN,MONTVILLE
FOUR CORNERS,MONTVILLE
PALMERTOWN,MONTVILLE
MORRIS,MORRIS
SANDY BEACH,MORRIS
NAUGUTUCK,NAUGATUCK
UNION CITY,NAUGATUCK
NAUGATUCK,NAUGATUCK
GLEN RIDGE,NAUGATUCK
MILLVILLE,NAUGATUCK
STRAITSVILLE,NAUGATUCK
BRITAIN,NEW BRITAIN
NEW BRITAIN,NEW BRITAIN
NEW BRITIAN,NEW BRITAIN
NEW BRIT,NEW BRITAIN
NEW CANAAN,NEW CANAAN
NEW CANNAN,NEW CANAAN
PINNEYS CORNERS,NEW CANAAN
PONUS,NEW CANAAN
TALMADGE HILL,NEW CANAAN
NEW FAIRFIELD,NEW FAIRFIELD
KNOLLCREST,NEW FAIRFIELD
CANDLEWOOD SHORES,NEW FAIRFIELD
CANDLEWOOD KNOLLS,NEW FAIRFIELD
BIGELOW CORNERS,NEW FAIRFIELD
HOLLYWYLE PARK,NEW FAIRFIELD
TAYLOR CORNERS,NEW FAIRFIELD
NEW HARTFORD,NEW HARTFORD
PINE MEADOW,NEW HARTFORD
BAKERSVILLE,NEW HARTFORD
N HAVEN,NEW HAVEN
NE HAVEN,NEW HAVEN
NEW HAVEN,NEW HAVEN
NEWHAVEN,NEW HAVEN
WESTVILLE,NEW HAVEN
FAIR HAVEN,NEW HAVEN
FAIR HAVEN EAST,NEW HAVEN
CITY POINT,NEW HAVEN
BRIGHTVIEW,NEW HAVEN
MORRIS COVE,NEW HAVEN
NE WLONDON,NEW LONDON
NEW LONDON,NEW LONDON
NEW LONDON COUNTY,NEW LONDON
EAST NEW LONDON,NEW LONDON
GAYLORDSVILLE,NEW MILFORD
NEW MILFORD,NEW MILFORD
UPPER MERRYALL,NEW MILFORD
MERWINSVILLE,NEW MILFORD
LOWER MERRYALL,NEW MILFORD
BIRCH GROVES,NEW MILFORD
LANESVILLE,NEW MILFORD
CANDLEWOOD LAKE CLUB,NEW MILFORD
NEWINGTON,NEWINGTON
NEWINGTON JUNCTION,NEWINGTON
BOTSFORD,NEWTOWN
HAWLEYVILLE,NEWTOWN
NEWTON,NEWTOWN
NEWTOWN,NEWTOWN
SANDY HOOK,NEWTOWN
SHADY REST,NEWTOWN
ROCKY GLEN,NEWTOWN
POOTATUCK PARK,NEWTOWN
CEDARHURST,NEWTOWN
BERKSHIRE,NEWTOWN
DODGINGTOWN,NEWTOWN
HATTERTOWN,NEWTOWN
NORFOLD,NORFOLK
NORFOLK,NORFOLK
WEST NORFOLK,NORFOLK
NO BRANFORD,NORTH BRANFORD
N BRANFORD,NORTH BRANFORD
NORTH BRANFORD,NORTH BRANFORD
NORTHFORD,NORTH BRANFORD
CLINTONVILLE,NORTH BRANFORD
TOTOKET,NORTH BRANFORD
EAST CANAAN,NORTH CANAAN
NORTH CANAAN,NORTH CANAAN
CANAAN VALLEY,NORTH CANAAN
SODOM,NORTH CANAAN
NO HAVEN,NORTH HAVEN
NORTH HAVEN,NORTH HAVEN
MILLBROOK,NORTH HAVEN
AUGERVILLE,NORTH HAVEN
MONTOWESE,NORTH HAVEN
N. STONINGTON,NORTH STONINGTON
N STONINGTON,NORTH STONINGTON
NORTH STONINGTON,NORTH STONINGTON
LAUREL GLEN,NORTH STONINGTON
CLARKS FALLS,NORTH STONINGTON
EAST NORWALK,NORWALK
NORWALK,NORWALK
NOWALK,NORWALK
ROWAYTON,NORWALK
S NORWALK,NORWALK
SOUTH NORWALK,NORWALK
SILVERMINE,NORWALK
CRANBURY,NORWALK
WINNIPAUK,NORWALK
HARBORVIEW,NORWALK
NORWICH,NORWICH
TAFTSVILLE,NORWICH
TAFTVILLE,NORWICH
YANTIC,NORWICH
OCCUM,NORWICH
NORWICHTOWN,NORWICH
GREENVILLE,NORWICH
BACCUS CORNER,NORWICH
THAMESVILLE,NORWICH
OLD LYME,OLD LYME
OLD LYNE,OLD LYME
SOUTH LYME,OLD LYME
LAYSVILLE,OLD LYME
LYME STATION,OLD LYME
BLACK HALL,OLD LYME
POINT O'WOODS,OLD LYME
OLD LYME SHORES,OLD LYME
SOUND VIEW,OLD LYME
HAWKS NEST BEACH,OLD LYME
WHITE SANDS BEACH,OLD LYME
OLD SAYBROOK,OLD SAYBROOK
OTTER COVE ESTATES,OLD SAYBROOK
SAYBROOK MANOR,OLD SAYBROOK
SAYBROOK POINT,OLD SAYBROOK
FENWICK,OLD SAYBROOK
FENWOOD,OLD SAYBROOK
KNOLLWOOD,OLD SAYBROOK
ORANGE,ORANGE
ORANGE CT,ORANGE
OXFORD,OXFORD
QUAKER FARMS,OXFORD
CENTRAL VILLAGE,PLAINFIELD
CENTRAL VILLIAGE,PLAINFIELD
CENTRAL VLG,PLAINFIELD
MOOSUP,PLAINFIELD
PLAINFIELD,PLAINFIELD
WAUREGAN,PLAINFIELD
WEST WAUREGAN,PLAINFIELD
WAUREGAN STATION,PLAINFIELD
ALMYVILLE,PLAINFIELD
PLAINSVILLE,PLAINVILLE
PLAINVILLE,PLAINVILLE
PEQUABUCK,PLYMOUTH
PLYMOUTH,PLYMOUTH
TERRYVILLE,PLYMOUTH
POMFRET,POMFRET
POMFRET CENTER,POMFRET
POMFRET CTR,POMFRET
ABINGTON,POMFRET
POMFRET LANDING,POMFRET
PORTLAND,PORTLAND
FOGELMARKS CORNERS,PORTLAND
GILDERSLEEVE,PORTLAND
PRESTON,PRESTON
SHEWVILLE,PRESTON
PROSPECT,PROSPECT
PUTNAM,PUTNAM
PUTNAM HEIGHTS,PUTNAM
PUTNUM,PUTNAM
REDDING,REDDING
REDDING CTR,REDDING
REDDING RIDGE,REDDING
WEST REDDING,REDDING
BRANCHVILLE,RIDGEFIELD
RIDGEFIELD,RIDGEFIELD
ROCKY HILL,ROCKY HILL
ROXBURY,ROXBURY
SALEM,SALEM
LAKEVILLE,SALISBURY
SALISBURY,SALISBURY
TACONIC,SALISBURY
HAMMERTOWN,SALISBURY
TWIN LAKES,SALISBURY
LIME ROCK,SALISBURY
THE CEDARS,SALISBURY
SCOTLAND,SCOTLAND
SEYMORE,SEYMOUR
SEYMOUR,SEYMOUR
SHARON,SHARON
SHARON VALLEY,SHARON
AMENIA UNION,SHARON
HUNTINGTON,SHELTON
SHELTON,SHELTON
SUNNYSIDE,SHELTON
PINE ROCK PARK,SHELTON
SHERMAN,SHERMAN
SIMSBURY,SIMSBURY
TARIFFVILLE,SIMSBURY
WEATOGUE,SIMSBURY
WEST SIMSBURY,SIMSBURY
FIRETOWN,SIMSBURY
HOSKINS,SIMSBURY
SOMERS,SOMERS
SOMERSVILLE,SOMERS
NORTH SOMERS,SOMERS
S WINDSOR,SOUTH WINDSOR
SOUTH WINDSOR,SOUTH WINDSOR
EAST WINDSOR HILL,SOUTH WINDSOR
WAPPING,SOUTH WINDSOR
BURNHAM,SOUTH WINDSOR
SAOUTHBURY,SOUTHBURY
SOUTHBURY,SOUTHBURY
CEDAR LAND,SOUTHBURY
SOUTH BRITAIN,SOUTHBURY
SOUTHFORD,SOUTHBURY
RUSSIAN VILLAGE,SOUTHBURY
OAKDALE MANOR,SOUTHBURY
BERKSHIRE ESTATES,SOUTHBURY
MARION,SOUTHINGTON
MILLDALE,SOUTHINGTON
PLANTSVILLE,SOUTHINGTON
SOUTHINGTON,SOUTHINGTON
BISHOPS CORNER,SOUTHINGTON
STILLMANS CORNER,SOUTHINGTON
PRATTS CORNER,SOUTHINGTON
BALTIC,SPRAGUE
HANOVER,SPRAGUE
SPRAGUE,SPRAGUE
STAFFORD,STAFFORD
STAFFORD SPGS,STAFFORD
STAFFORD SPRING,STAFFORD
STAFFORD SPRINGS,STAFFORD
STAFFORDVILLE,STAFFORD
WEST STAFFORD,STAFFORD
ELLITHORPE,STAFFORD
HYDEVILLE,STAFFORD
ORCUTTS,STAFFORD
LAKE VIEW TERRACE,STAFFORD
GLENBROOK,STAMFORD
STAMFORD,STAMFORD
STANFORD,STAMFORD
STMAFORD,STAMFORD
HIGH RIDGE,STAMFORD
HUNTING RIDGE,STAMFORD
NORTH STAMFORD,STAMFORD
TURN OF RIVER,STAMFORD
SPRINGDALE,STAMFORD
BELLTOWN,STAMFORD
RIDGEWAY,STAMFORD
PALMERS HILL,STAMFORD
SHIPPAN POINT,STAMFORD
DOLPHIN COVE,STAMFORD
ONECO,STERLING
STERLING,STERLING
MSYTIC,STONINGTON
MYSTIC,STONINGTON
OLD MYSTIC,STONINGTON
PAWCATUCK,STONINGTON
STONINGTON,STONINGTON
CLARKS VILLAGE,STONINGTON
WEQUETEQUOCK,STONINGTON
LORDS POINT,STONINGTON
STRATFORD,STRATFORD
LORDSHIP,STRATFORD
EAST SUFFIELD,SUFFIELD
SUFFIELD,SUFFIELD
WEST SUFFIELD,SUFFIELD
RISING CORNER,SUFFIELD
EBBS CORNER,SUFFIELD
THOMASTON,THOMASTON
REYNOLDS BRIDGE,THOMASTON
N GROSVENOR DALE,THOMPSON
N GROSVENORDL,THOMPSON
NORTH GROSVENORDALE,THOMPSON
QUINEBAUG,THOMPSON
THOMPSON,THOMPSON
FABYAN,THOMPSON
WILSONVILLE,THOMPSON
EAST THOMPSON,THOMPSON
NORTH GROSVENOR DALE,THOMPSON
GROSVENOR DALE,THOMPSON
TOLLAND,TOLLAND
QUARRYVILLE,TOLLAND
TONNINGTON,TORRINGTON
TORRINGTON,TORRINGTON
BURRVILLE,TORRINGTON
WRIGHTVILLE,TORRINGTON
TORRINGFORD,TORRINGTON
WEST TORRINGTON,TORRINGTON
NEWBERRY CORNER,TORRINGTON
TRUMBULL,TRUMBULL
ROCK RAYMOND,TRUMBULL
OX HILL,TRUMBULL
UNION,UNION
DOBSONVILLE,VERNON
ROCKVILLE,VERNON
TALCOTTVILLE,VERNON
VERNON,VERNON
VERNON ROCKVILLE,VERNON
VERNON ROCKVL,VERNON
VERNON CENTER,VERNON
VOLUNTOWN,VOLUNTOWN
WALLIGFORD,WALLINGFORD
WALLINGFORD,WALLINGFORD
YALESVILLE,WALLINGFORD
TRACY,WALLINGFORD
EAST WALLINGFORD,WALLINGFORD
QUINNIPIAC,WALLINGFORD
WARREN,WARREN
MARBLEDALE,WASHINGTON
NEW PRESTON,WASHINGTON
NEW PRESTON MARBLE,WASHINGTON
NEW PRESTON MARBLE DALE,WASHINGTON
WASHIGHTON,WASHINGTON
WASHINGTON,WASHINGTON
WASHINGTON DEPOT,WASHINGTON
WASHINGTON DT,WASHINGTON
MARBLE DALE,WASHINGTON
HORSE HEAVEN,WASHINGTON
WATERBURY,WATERBURY
WATERBRUY,WATERBURY
WATERVILLE,WATERBURY
FAIRMOUNT,WATERBURY
LAKEWOOD,WATERBURY
BURNT HILL,WATERBURY
BUNKER HILL,WATERBURY
OVERLOOK,WATERBURY
WEST SIDE HILL,WATERBURY
EAST FARMS,WATERBURY
FAIR LAWN,WATERBURY
TOWN PLOT HILL,WATERBURY
HOPEVILLE,WATERBURY
EAST MOUNTAIN,WATERBURY
PLATTS MILLS,WATERBURY
QUAKER HILL,WATERFORD
WATERFORD,WATERFORD
OSWEGATCHIE,WATERFORD
MANITOCK SPRING,WATERFORD
MORNINGSIDE PARK,WATERFORD
SANDY POINT,WATERFORD
GRANITEVILLE,WATERFORD
MILLSTONE,WATERFORD
PLEASURE BEACH,WATERFORD
SEASIDE,WATERFORD
JORDAN,WATERFORD
OAKVILLE,WATERTOWN
WATERTOWN,WATERTOWN
ELMWOOD,WEST HARTFORD
W HARTFORD,WEST HARTFORD
W HARTFORT,WEST HARTFORD
WEST HARTFORD,WEST HARTFORD
WEST HARTFPRD,WEST HARTFORD
WEST HARTFRD,WEST HARTFORD
WEST HTFD,WEST HARTFORD
EAST FARMINGTON HEIGHTS,WEST HARTFORD
W HAVEN,WEST HAVEN
WEST HAVEN,WEST HAVEN
ALLINGTOWN,WEST HAVEN
SEA BLUFF,WEST HAVEN
WEST SHORE,WEST HAVEN
WESTBROOK,WESTBROOK
POND MEADOW,WESTBROOK
GROVE BEACH,WESTBROOK
WESTON,WESTON
LYONS PLAIN,WESTON
GREENS FARMS,WESTPORT
WESPORT,WESTPORT
WESTPORT,WESTPORT
SAUGATUCK,WESTPORT
HALE COURT,WESTPORT
COMPO,WESTPORT
OWENOKE,WESTPORT
SAUGATUCK SHORES,WESTPORT
WEATHERSFIELD,WETHERSFIELD
WETHERFIELD,WETHERSFIELD
WETHERSFIELD,WETHERSFIELD
WETHERSIFIELD,WETHERSFIELD
GRISWOLDVILLE,WETHERSFIELD
SOUTH WETHERSFIELD,WETHERSFIELD
WTHERSFIELD,WETHERSIFIELD
WEST WILLINGTON,WILLINGTON
WILLINGTON,WILLINGTON
WILLINGTON HILL,WILLINGTON
SOUTH WILLINGTON,WILLINGTON
CANNONDALE,WILTON
DILTON,WILTON
WILTON,WILTON
WITON,WILTON
GILBERT CORNERS,WILTON
SOUTH WILTON,WILTON
WINCHESTER,WINCHESTER
WINCHESTR CTR,WINCHESTER
WINSTED,WINCHESTER
WINCHESTER CENTER,WINCHESTER
NORTH WINDHAM,WINDHAM
SOUTH WINDHAM,WINDHAM
WILLIMANTIC,WINDHAM
WINDHAM,WINDHAM
WLLIMANTIC,WINDHAM
POQUONOCK,WINDSOR
WINDSOR,WINDSOR
BIRCHWOOD,WINDSOR
WILSON,WINDSOR
WINDSOR LOCKS,WINDSOR LOCKS
WINDSOR LOKS,WINDSOR LOCKS
WOLCOTT,WOLCOTT
WOLEOTT,WOLCOTT
WOODTICK,WOLCOTT
WOODBRIDGE,WOODBRIDGE
PAYNES CORNERS,WOODBRIDGE
WOODBURY,WOODBURY
HOTCHKISSVILLE,WOODBURY
NORTH WOODBURY,WOODBURY
E WOODSTOCK,WOODSTOCK
EAST WOODSTOCK,WOODSTOCK
S WOODSTOCK,WOODSTOCK
SOUTH WOODSTOCK,WOODSTOCK
WOODSTOCK,WOODSTOCK
WOODSTOCK VALLEY,WOODSTOCK
WOODSTOCK VLY,WOODSTOCK
WEST WOODSTOCK,WOODSTOCK
ROSELAND PARK,WOODSTOCK
HARRISVILLE,WOODSTOCK